"Player","Pos","Team                     Signed With","Age                     At Signing","Start","End","Yrs","Value","AAV","2-Year Cash","3-Year Cash"
"Jayson Tatum","PF","BOS                  BOS","26","2025","2029","5","$313,933,410","$62,786,682","$112,583,016","$175,369,698"
"Evan Mobley","PF","CLE                  CLE","23","2025","2029","5","$269,085,780","$53,817,156","$96,499,728","$150,316,884"
"Cade Cunningham","PG","DET                  DET","22","2025","2029","5","$269,085,780","$53,817,156","$96,499,728","$150,316,884"
"Franz Wagner","SF","ORL                  ORL","22","2025","2029","5","$224,238,150","$44,847,630","$80,416,440","$125,264,070"
"Scottie Barnes","PF","TOR                  TOR","22","2025","2029","5","$224,238,150","$44,847,630","$80,416,440","$125,264,070"
"Jamal Murray","PG","DEN                  DEN","27","2025","2028","4","$207,845,568","$51,961,392","$96,499,728","$150,316,884"
"Lauri Markkanen","PF","UTA                  UTA","27","2025","2028","4","$195,868,144","$48,967,036","$92,507,254","$142,331,935"
"Alperen Sengun","C","HOU                  HOU","22","2025","2029","5","$185,000,000","$37,000,000","$69,587,156","$106,926,606"
"Giannis Antetokounmpo","PF","MIL                  MIL","28","2025","2027","3","$175,369,698","$58,456,566","$112,583,016","$175,369,698"
"Anthony Davis","C","LAL                  LAL","30","2025","2027","3","$175,369,698","$58,456,566","$112,583,016","$175,369,698"
"Jalen Brunson","PG","NYK                  NYK","27","2025","2028","4","$156,549,124","$39,137,281","$72,683,522","$113,218,563"
"Jalen Suggs","SG","ORL                  ORL","23","2025","2029","5","$150,500,000","$30,100,000","$67,400,000","$97,000,000"
"Donovan Mitchell","SG","CLE                  CLE","27","2025","2027","3","$150,316,884","$50,105,628","$96,499,728","$150,316,884"
"Jalen Johnson","SF","ATL                  ATL","22","2025","2029","5","$150,000,000","$30,000,000","$60,000,000","$90,000,000"
"Naz Reid","C","MIN                  MIN","25","2025","2029","5","$125,000,000","$25,000,000","$44,827,586","$69,827,586"
"Brandon Ingram","SF","TOR                  TOR","27","2025","2027","3","$120,000,000","$40,000,000","$78,095,238","$120,000,000"
"Kyrie Irving","PG","DAL                  DAL","33","2025","2027","3","$118,473,846","$39,491,282","$76,057,284","$118,473,846"
"Derrick White","PG","BOS                  BOS","30","2025","2028","4","$118,048,000","$29,512,000","$54,808,000","$85,374,000"
"Damian Lillard","PG","POR                  POR","31","2025","2026","2","$112,583,016","$56,291,508","$112,583,016","$112,583,016"
"Trey Murphy III","SF","NOP                  NOP","24","2025","2028","4","$112,000,000","$28,000,000","$52,000,000","$81,000,000"
"Jimmy Butler","SF","GSW                  GSW","35","2025","2026","2","$110,959,223","$55,479,612","$110,959,223","$110,959,223"
"Rudy Gobert","C","MIN                  MIN","32","2025","2027","3","$109,500,000","$36,500,000","$71,500,000","$109,500,000"
"Myles Turner","C","MIL                  MIL","29","2025","2028","4","$108,868,482","$27,217,121","$51,902,415","$79,752,492"
"Jalen Green","SG","HOU                  HOU","22","2025","2027","3","$105,333,333","$35,111,111","$69,333,333","$105,333,333"
"Josh Giddey","SG","CHI                  CHI","22","2025","2028","4","$100,000,000","$25,000,000","$50,000,000","$75,000,000"
"Julius Randle","PF","MIN                  MIN","30","2025","2027","3","$100,000,000","$33,333,333","$64,197,532","$100,000,000"
"James Harden","SG","LAC                  LAC","35","2025","2026","2","$81,500,000","$40,750,000","$81,500,000","$81,500,000"
"Alex Caruso","SG","OKC                  OKC","30","2025","2028","4","$81,096,960","$20,274,240","$37,652,160","$58,650,480"
"Cooper Flagg","SF","DAL                  DAL","18","2025","2028","4","$62,730,226","$15,682,557","$28,343,400","$43,552,080"
"Nickeil Alexander-Walker","SG","MIN                  MIN","26","2025","2028","4","$60,647,200","$15,161,800","$29,565,510","$44,727,310"
"Jonathan Isaac","PF","ORL                  ORL","26","2025","2028","4","$59,000,000","$14,750,000","$29,500,000","$44,000,000"
"Ivica Zubac","C","LAC                  LAC","27","2025","2027","3","$58,650,480","$19,550,160","$37,652,160","$58,650,480"
"Andrew Nembhard","PG","IND                  IND","24","2025","2027","3","$58,650,480","$19,550,160","$37,652,160","$58,650,480"
"Dylan Harper","PG","SAS                  SAS","19","2025","2028","4","$56,140,114","$14,035,029","$25,359,360","$38,967,120"
"Corey Kispert","SF","WAS                  WAS","25","2025","2028","4","$54,000,000","$13,500,000","$21,524,713","$34,549,713"
"Dorian Finney-Smith","PF","HOU                  HOU","32","2025","2028","4","$52,705,000","$13,176,250","$26,035,000","$39,370,000"
"Santi Aldama","C","MEM                  MEM","24","2025","2027","3","$52,500,002","$17,500,001","$35,492,959","$52,500,002"
"VJ Edgecombe","SG","PHI                  PHI","19","2025","2028","4","$50,438,478","$12,609,620","$22,772,760","$34,992,600"
"Fred VanVleet","PG","HOU                  HOU","31","2025","2026","2","$50,000,000","$25,000,000","$50,000,000","$50,000,000"
"Duncan Robinson","SF","DET                  DET","31","2025","2027","3","$47,978,871","$15,992,957","$32,827,649","$47,978,871"
"Terance Mann","SG","LAC                  LAC","27","2025","2027","3","$47,000,000","$15,666,667","$31,000,000","$47,000,000"
"Jonathan Kuminga","PF","GSW                  GSW","22","2025","2026","2","$46,800,000","$23,400,000","$46,800,000","$46,800,000"
"Kon Knueppel","SF","CHA                  CHA","19","2025","2028","4","$45,487,014","$11,371,754","$20,532,240","$31,549,800"
"Sam Hauser","SF","BOS                  BOS","26","2025","2028","4","$45,000,000","$11,250,000","$20,892,859","$32,544,644"
"T.J. McConnell","PG","IND                  IND","32","2025","2028","4","$44,800,000","$11,200,000","$21,200,000","$33,000,000"
"Dennis Schröder","PG","SAC                  SAC","31","2025","2027","3","$44,427,600","$14,809,200","$28,913,200","$44,427,600"
"Bobby Portis","PF","MIL                  MIL","30","2025","2027","3","$43,564,242","$14,521,414","$27,967,168","$43,564,242"
"Damian Lillard","PG","POR                  POR","35","2025","2027","3","$41,606,000","$13,868,667","$27,502,000","$41,606,000"
"Ace Bailey","SF","UTA                  UTA","18","2025","2028","4","$41,209,782","$10,302,446","$18,592,920","$28,569,480"
"Luke Kornet","C","SAS                  SAS","29","2025","2028","4","$40,700,000","$10,175,000","$21,450,000","$31,350,000"
"Steven Adams","C","HOU                  HOU","31","2025","2027","3","$39,000,000","$13,000,000","$27,130,435","$39,000,000"
"Sam Merrill","SG","CLE                  CLE","29","2025","2028","4","$38,000,000","$9,500,000","$17,642,859","$27,482,144"
"Moses Moody","SG","GSW                  GSW","22","2025","2027","3","$37,500,000","$12,500,000","$24,074,075","$37,500,000"
"Tre Johnson","SG","WAS                  WAS","19","2025","2028","4","$37,439,131","$9,359,783","$16,887,240","$25,948,920"
"Jeremiah Fears","PG","NOP                  NOP","18","2025","2028","4","$34,193,629","$8,548,407","$15,416,280","$23,688,240"
"Egor Demin","PG","BKN                  BKN","19","2025","2028","4","$31,340,682","$7,835,171","$14,122,920","$21,701,160"
"Caris LeVert","SG","DET                  DET","30","2025","2026","2","$28,913,200","$14,456,600","$28,913,200","$28,913,200"
"Collin Murray-Boyles","PF","TOR                  TOR","20","2025","2028","4","$28,822,764","$7,205,691","$12,982,080","$19,948,080"
"Ty Jerome","SG","MEM                  MEM","28","2025","2027","3","$27,660,150","$9,220,050","$18,001,050","$27,660,150"
"Khaman Maluach","C","PHX                  PHX","18","2025","2028","4","$27,386,800","$6,846,700","$12,332,760","$18,949,920"
"Cedric Coward","SG","MEM                  MEM","21","2025","2028","4","$26,345,863","$6,586,466","$11,716,200","$18,003,120"
"Noa Essengue","PF","CHI                  CHI","18","2025","2028","4","$25,333,944","$6,333,486","$11,130,720","$17,103,480"
"Derik Queen","C","NOP                  NOP","20","2025","2028","4","$24,355,798","$6,088,950","$10,574,040","$16,247,880"
"Tre Mann","PG","CHA                  CHA","24","2025","2027","3","$24,000,000","$8,000,000","$16,000,000","$24,000,000"
"Tre Jones","PG","CHI                  CHI","25","2025","2027","3","$24,000,000","$8,000,000","$16,000,000","$24,000,000"
"Jaylin Williams","C","OKC                  OKC","23","2025","2027","3","$24,000,000","$8,000,000","$16,225,352","$24,000,000"
"Davion Mitchell","PG","MIA                  MIA","26","2025","2026","2","$24,000,000","$12,000,000","$24,000,000","$24,000,000"
"Carter Bryant","PF","SAS                  SAS","19","2025","2028","4","$23,419,859","$5,854,965","$10,045,680","$15,436,320"
"Thomas Sorber","C","OKC                  OKC","19","2025","2028","4","$22,512,733","$5,628,183","$9,542,760","$14,663,160"
"Yang Hansen","C","POR                  POR","20","2025","2028","4","$21,393,588","$5,348,397","$9,065,880","$13,930,800"
"Clint Capela","C","ATL                  ATL","31","2025","2027","3","$21,105,000","$7,035,000","$13,735,000","$21,105,000"
"Isaiah Jackson","PF","IND                  IND","23","2025","2027","3","$21,000,000","$7,000,000","$14,600,000","$21,000,000"
"Joan Beringer","C","MIN                  MIN","18","2025","2028","4","$20,331,643","$5,082,911","$8,612,280","$13,233,480"
"Lonzo Ball","PG","CHI                  CHI","27","2025","2026","2","$20,000,000","$10,000,000","$20,000,000","$20,000,000"
"Walter Clayton Jr.","PG","UTA                  UTA","22","2025","2028","4","$19,324,472","$4,831,118","$8,181,840","$12,572,160"
"Nolan Traore","PG","BKN                  BKN","19","2025","2028","4","$18,463,882","$4,615,971","$7,813,560","$12,006,600"
"Jaden Hardy","SG","DAL                  DAL","22","2025","2027","3","$18,000,000","$6,000,000","$12,000,000","$18,000,000"
"Brook Lopez","C","LAC                  LAC","37","2025","2026","2","$17,937,500","$8,968,750","$17,937,500","$17,937,500"
"Kasparas Jakucionis","PG","MIA                  MIA","19","2025","2028","4","$17,730,607","$4,432,652","$7,500,480","$11,524,920"
"Will Riley","SF","WAS                  WAS","19","2025","2028","4","$17,220,192","$4,305,048","$7,200,840","$11,064,840"
"Drake Powell","SF","BKN                  BKN","19","2025","2028","4","$16,723,992","$4,180,998","$6,912,840","$10,622,160"
"Asa Newell","PF","ATL                  ATL","19","2025","2028","4","$16,240,654","$4,060,164","$6,636,960","$10,197,840"
"Deandre Ayton","C","LAL                  LAL","26","2025","2026","2","$16,208,000","$8,104,000","$16,208,000","$16,208,000"
"Kevon Looney","C","NOP                  NOP","29","2025","2026","2","$16,000,000","$8,000,000","$16,000,000","$16,000,000"
"Nique Clifford","SF","SAC                  SAC","23","2025","2028","4","$15,769,801","$3,942,450","$6,371,520","$9,790,320"
"Jase Richardson","SG","ORL                  ORL","19","2025","2028","4","$15,308,562","$3,827,141","$6,115,680","$9,397,680"
"Ben Saraf","PG","BKN                  BKN","19","2025","2028","4","$14,806,816","$3,701,704","$5,913,120","$9,086,040"
"Danny Wolf","PF","BKN                  BKN","21","2025","2028","4","$14,384,200","$3,596,050","$5,742,720","$8,824,560"
"Hugo Gonzalez","SF","BOS                  BOS","19","2025","2028","4","$14,298,145","$3,574,536","$5,707,440","$8,770,080"
"Liam McNeeley","SF","CHA                  CHA","19","2025","2028","4","$14,194,138","$3,548,535","$5,666,040","$8,706,360"
"Yanic Konan Niederhauser","F","LAC                  LAC","22","2025","2028","4","$14,091,596","$3,522,899","$5,624,760","$8,643,240"
"Day'Ron Sharpe","C","BKN                  BKN","23","2025","2026","2","$12,500,000","$6,250,000","$12,500,000","$12,500,000"
"Ziaire Williams","SF","BKN                  BKN","23","2025","2026","2","$12,500,000","$6,250,000","$12,500,000","$12,500,000"
"Ryan Rollins","SG","MIL                  MIL","23","2025","2027","3","$12,000,000","$4,000,000","$8,000,000","$12,000,000"
"Jake LaRavia","PF","LAL                  LAL","23","2025","2026","2","$12,000,000","$6,000,000","$12,000,000","$12,000,000"
"Al Horford","C","GSW                  GSW","39","2025","2026","2","$11,654,250","$5,827,125","$11,654,250","$11,654,250"
"D'Angelo Russell","PG","DAL                  DAL","29","2025","2026","2","$11,654,250","$5,827,125","$11,654,250","$11,654,250"
"Nicolas Batum","SF","LAC                  LAC","36","2025","2026","2","$11,483,280","$5,741,640","$11,483,280","$11,483,280"
"Guerschon Yabusele","PF","PHI                  PHI","29","2025","2026","2","$11,275,000","$5,637,500","$11,275,000","$11,275,000"
"Luke Kennard","SG","ATL                  ATL","29","2025","2025","1","$11,000,000","$11,000,000","$11,000,000","$11,000,000"
"Bradley Beal","SG","LAC                  LAC","32","2025","2026","2","$10,975,700","$5,487,850","$10,975,700","$10,975,700"
"Paul Reed","C","DET                  DET","26","2025","2026","2","$10,938,583","$5,469,292","$10,938,583","$10,938,583"
"Marcus Smart","PG","LAL                  LAL","31","2025","2026","2","$10,524,700","$5,262,350","$10,524,700","$10,524,700"
"Kevin Porter Jr.","PG","MIL                  MIL","25","2025","2026","2","$10,524,700","$5,262,350","$10,524,700","$10,524,700"
"Cam Spencer","SG","MEM                  MEM","25","2025","2028","4","$10,396,518","$2,599,130","$4,949,079","$7,565,833"
"Ryan Kalkbrenner","C","CHA                  CHA","23","2025","2028","4","$9,968,963","$2,492,241","$4,707,364","$7,233,265"
"Sion James","SF","CHA                  CHA","22","2025","2028","4","$9,968,963","$2,492,241","$4,707,364","$7,233,265"
"Jose Alvarado","PG","NOP                  NOP","26","2025","2026","2","$9,000,000","$4,500,000","$9,000,000","$9,000,000"
"Quentin Grimes","SG","PHI                  PHI","25","2025","2025","1","$8,741,209","$8,741,209","$8,741,209","$8,741,209"
"Ajay Mitchell","PG","OKC                  OKC","23","2025","2027","3","$8,700,000","$2,900,000","$5,850,000","$8,700,000"
"Noah Penda","SF","ORL                  ORL","20","2025","2028","4","$8,685,387","$2,171,347","$3,423,787","$5,949,688"
"Tyrese Proctor","SG","CLE                  CLE","21","2025","2028","4","$8,685,387","$2,171,347","$3,423,787","$5,949,688"
"Will Richard","G","GSW                  GSW","22","2025","2028","4","$8,685,386","$2,171,347","$3,423,787","$5,949,688"
"Kam Jones","PG","IND                  IND","23","2025","2028","4","$8,685,386","$2,171,347","$3,423,787","$5,949,688"
"Rasheer Fleming","PF","PHX                  PHX","20","2025","2028","4","$8,685,386","$2,171,347","$3,423,787","$5,949,688"
"Chaz Lanier","SG","DET                  DET","23","2025","2028","4","$8,685,386","$2,171,347","$3,423,787","$5,949,688"
"Micah Peavy","SG","NOP                  NOP","23","2025","2028","4","$8,685,386","$2,171,347","$3,423,787","$5,949,688"
"Johni Broome","C","PHI                  PHI","22","2025","2028","4","$8,685,386","$2,171,347","$3,423,787","$5,949,688"
"Dru Smith","SG","MIA                  MIA","27","2025","2027","3","$7,898,151","$2,632,717","$4,963,409","$7,898,151"
"Gary Trent Jr.","SG","MIL                  MIL","26","2025","2026","2","$7,579,065","$3,789,533","$7,579,065","$7,579,065"
"Gary Harris","SG","MIL                  MIL","30","2025","2026","2","$7,450,014","$3,725,007","$7,450,014","$7,450,014"
"Taurean Prince","PF","MIL                  MIL","31","2025","2026","2","$7,119,635","$3,559,818","$7,119,635","$7,119,635"
"Justin Edwards","SG","PHI                  PHI","21","2025","2027","3","$7,076,338","$2,358,779","$4,459,584","$7,076,338"
"Tyus Jones","PG","ORL                  ORL","29","2025","2025","1","$7,000,000","$7,000,000","$7,000,000","$7,000,000"
"De'Anthony Melton","SG","GSW                  GSW","27","2025","2026","2","$6,532,700","$3,266,350","$6,532,700","$6,532,700"
"Cameron Thomas","SG","BKN                  BKN","23","2025","2025","1","$5,993,172","$5,993,172","$5,993,172","$5,993,172"
"Maxime Raynaud","C","SAC                  SAC","22","2025","2027","3","$5,949,689","$1,983,230","$3,423,788","$5,949,689"
"Nikola Djurisic","SF","ATL                  ATL","21","2025","2027","3","$5,949,688","$1,983,229","$3,423,787","$5,949,688"
"Adou Thiero","SF","LAL                  LAL","21","2025","2027","3","$5,949,688","$1,983,229","$3,423,787","$5,949,688"
"James Wiseman","C","IND                  IND","24","2025","2026","2","$5,686,105","$2,843,053","$5,686,105","$5,686,105"
"Sandro Mamukelashvili","C","TOR                  TOR","26","2025","2026","2","$5,262,809","$2,631,405","$5,262,809","$5,262,809"
"Jericho Sims","C","MIL                  MIL","26","2025","2026","2","$5,262,809","$2,631,405","$5,262,809","$5,262,809"
"Trendon Watford","PF","PHI                  PHI","24","2025","2026","2","$5,262,809","$2,631,405","$5,262,809","$5,262,809"
"Luka Garza","C","BOS                  BOS","26","2025","2026","2","$5,262,809","$2,631,405","$5,262,809","$5,262,809"
"Moritz Wagner","C","ORL                  ORL","28","2025","2025","1","$5,000,000","$5,000,000","$5,000,000","$5,000,000"
"Josh Minott","SF","BOS                  BOS","22","2025","2026","2","$4,963,409","$2,481,705","$4,963,409","$4,963,409"
"Mac McClung","PG","IND                  IND","26","2025","2026","2","$4,867,707","$2,433,854","$4,867,707","$4,867,707"
"Jeremiah Robinson-Earl","PF","IND                  IND","25","2025","2026","2","$4,824,272","$2,412,136","$4,824,272","$4,824,272"
"N'Faly Dante","PF","ATL                  ATL","23","2025","2026","2","$4,459,584","$2,229,792","$4,459,584","$4,459,584"
"Micah Potter","C","IND                  IND","27","2025","2026","2","$4,329,151","$2,164,576","$4,329,151","$4,329,151"
"Russell Westbrook","PG","SAC                  SAC","36","2025","2025","1","$3,634,153","$3,634,153","$3,634,153","$3,634,153"
"Cameron Payne","PG","IND                  IND","31","2025","2025","1","$3,634,153","$3,634,153","$3,634,153","$3,634,153"
"Seth Curry","SG","GSW                  GSW","35","2025","2025","1","$3,634,153","$3,634,153","$3,634,153","$3,634,153"
"Delon Wright","PG","IND                  IND","33","2025","2025","1","$3,634,153","$3,634,153","$3,634,153","$3,634,153"
"Alex Len","C","NYK                  NYK","32","2025","2025","1","$3,634,153","$3,634,153","$3,634,153","$3,634,153"
"Bismack Biyombo","C","SAS                  SAS","33","2025","2025","1","$3,634,153","$3,634,153","$3,634,153","$3,634,153"
"Doug McDermott","SF","SAC                  SAC","33","2025","2025","1","$3,634,153","$3,634,153","$3,634,153","$3,634,153"
"Chris Paul","PG","LAC                  LAC","40","2025","2025","1","$3,634,153","$3,634,153","$3,634,153","$3,634,153"
"Kyle Lowry","PG","PHI                  PHI","39","2025","2025","1","$3,634,153","$3,634,153","$3,634,153","$3,634,153"
"Spencer Dinwiddie","PG","CHA                  CHA","32","2025","2025","1","$3,634,153","$3,634,153","$3,634,153","$3,634,153"
"Eric Gordon","SG","PHI                  PHI","36","2025","2025","1","$3,634,153","$3,634,153","$3,634,153","$3,634,153"
"Larry Nance Jr.","PF","CLE                  CLE","32","2025","2025","1","$3,634,153","$3,634,153","$3,634,153","$3,634,153"
"Tim Hardaway Jr.","SG","DEN                  DEN","33","2025","2025","1","$3,634,153","$3,634,153","$3,634,153","$3,634,153"
"Jordan Clarkson","SG","NYK                  NYK","33","2025","2025","1","$3,634,153","$3,634,153","$3,634,153","$3,634,153"
"Mason Plumlee","C","CHA                  CHA","35","2025","2025","1","$3,634,153","$3,634,153","$3,634,153","$3,634,153"
"Jeff Green","PF","HOU                  HOU","38","2025","2025","1","$3,634,153","$3,634,153","$3,634,153","$3,634,153"
"Joe Ingles","SF","MIN                  MIN","37","2025","2025","1","$3,634,153","$3,634,153","$3,634,153","$3,634,153"
"Garrett Temple","SG","TOR                  TOR","39","2025","2025","1","$3,634,153","$3,634,153","$3,634,153","$3,634,153"
"DeAndre Jordan","C","NOP                  NOP","37","2025","2025","1","$3,571,495","$3,571,495","$3,592,381","$3,592,381"
"Jaxson Hayes","C","LAL                  LAL","25","2025","2025","1","$3,449,323","$3,449,323","$3,449,323","$3,449,323"
"Gary Payton II","PG","GSW                  GSW","32","2025","2025","1","$3,303,774","$3,303,774","$3,303,774","$3,303,774"
"Malcolm Brogdon","PG","NYK                  NYK","32","2025","2025","1","$3,303,774","$3,303,774","$3,303,774","$3,303,774"
"Dante Exum","PG","DAL                  DAL","30","2025","2025","1","$3,303,774","$3,303,774","$3,303,774","$3,303,774"
"Thomas Bryant","C","CLE                  CLE","28","2025","2025","1","$3,287,409","$3,287,409","$3,287,409","$3,287,409"
"Chris Boucher","PF","BOS                  BOS","32","2025","2025","1","$3,287,409","$3,287,409","$3,287,409","$3,287,409"
"Kevin Knox","SF","CHI                  CHI","26","2025","2025","1","$3,080,921","$3,080,921","$3,080,921","$3,080,921"
"Mohamed Bamba","C","UTA                  UTA","27","2025","2025","1","$3,080,921","$3,080,921","$3,080,921","$3,080,921"
"Dennis Smith Jr.","PG","DAL                  DAL","27","2025","2025","1","$3,080,921","$3,080,921","$3,080,921","$3,080,921"
"Landry Shamet","SG","NYK                  NYK","28","2025","2025","1","$3,080,921","$3,080,921","$3,080,921","$3,080,921"
"Josh Okogie","SG","HOU                  HOU","26","2025","2025","1","$3,080,921","$3,080,921","$3,080,921","$3,080,921"
"Marvin Bagley III","PF","WAS                  WAS","26","2025","2025","1","$3,080,921","$3,080,921","$3,080,921","$3,080,921"
"Drew Eubanks","C","SAC                  SAC","28","2025","2025","1","$3,080,921","$3,080,921","$3,080,921","$3,080,921"
"Bruce Brown Jr.","SG","DEN                  DEN","28","2025","2025","1","$3,080,921","$3,080,921","$3,080,921","$3,080,921"
"Aaron Holiday","PG","HOU                  HOU","28","2025","2025","1","$3,080,921","$3,080,921","$3,080,921","$3,080,921"
"Monte Morris","PG","IND                  IND","30","2025","2025","1","$2,966,225","$2,966,225","$2,966,225","$2,966,225"
"DaQuan Jeffries","SG","SAC                  SAC","28","2025","2025","1","$2,874,436","$2,874,436","$2,874,436","$2,874,436"
"Garrison Mathews","SG","NYK                  NYK","28","2025","2025","1","$2,874,436","$2,874,436","$2,874,436","$2,874,436"
"Moses Brown","C","DEN                  DEN","25","2025","2025","1","$2,874,436","$2,874,436","$2,874,436","$2,874,436"
"Jalen McDaniels","SF","NOP                  NOP","27","2025","2025","1","$2,874,436","$2,874,436","$2,874,436","$2,874,436"
"Thanasis Antetokounmpo","SF","MIL                  MIL","33","2025","2025","1","$2,874,436","$2,874,436","$2,874,436","$2,874,436"
"Amir Coffey","SG","MIL                  MIL","28","2025","2025","1","$2,874,436","$2,874,436","$2,874,436","$2,874,436"
"Javonte Green","SG","DET                  DET","32","2025","2025","1","$2,874,436","$2,874,436","$2,874,436","$2,874,436"
"Jordan McLaughlin","PG","SAS                  SAS","29","2025","2025","1","$2,874,436","$2,874,436","$2,874,436","$2,874,436"
"Seth Curry","SG","GSW                  GSW","35","2025","2025","1","$2,777,830","$2,777,830","$2,777,830","$2,777,830"
"Skal Labissiere","PF","SAC                  SAC","29","2025","2025","1","$2,667,947","$2,667,947","$2,667,947","$2,667,947"
"Alize Johnson","PF","MIN                  MIN","29","2025","2025","1","$2,667,947","$2,667,947","$2,667,947","$2,667,947"
"Killian Hayes","PG","CLE                  CLE","24","2025","2025","1","$2,667,947","$2,667,947","$2,667,947","$2,667,947"
"Precious Achiuwa","PF","MIA                  MIA","26","2025","2025","1","$2,667,947","$2,667,947","$2,667,947","$2,667,947"
"Terence Davis","SG","SAC                  SAC","28","2025","2025","1","$2,667,947","$2,667,947","$2,667,947","$2,667,947"
"Anthony Gill","PF","WAS                  WAS","32","2025","2025","1","$2,667,947","$2,667,947","$2,667,947","$2,667,947"
"Cole Anthony","PG","MIL                  MIL","25","2025","2025","1","$2,667,947","$2,667,947","$2,667,947","$2,667,947"
"Jae’Sean Tate","SF","HOU                  HOU","29","2025","2025","1","$2,667,947","$2,667,947","$2,667,947","$2,667,947"
"Daishen Nix","PG","HOU                  HOU","23","2025","2025","1","$2,461,463","$2,461,463","$2,461,463","$2,461,463"
"Romeo Langford","SG","NYK                  NYK","25","2025","2025","1","$2,461,463","$2,461,463","$2,461,463","$2,461,463"
"Isaiah Roby","PF","NYK                  NYK","27","2025","2025","1","$2,461,463","$2,461,463","$2,461,463","$2,461,463"
"Charlie Brown Jr.","SG","MEM                  MEM","27","2025","2025","1","$2,461,463","$2,461,463","$2,461,463","$2,461,463"
"Dalano Banton","PG","DAL                  DAL","25","2025","2025","1","$2,461,463","$2,461,463","$2,461,463","$2,461,463"
"Jeremiah Robinson-Earl","PF","DAL                  DAL","24","2025","2025","1","$2,461,463","$2,461,463","$2,461,463","$2,461,463"
"Braxton Key","SF","MEM                  MEM","28","2025","2025","1","$2,461,463","$2,461,463","$2,461,463","$2,461,463"
"David Duke Jr.","SG","PHX                  PHX","25","2025","2025","1","$2,461,463","$2,461,463","$2,461,463","$2,461,463"
"Matt Ryan","SF","NYK                  NYK","28","2025","2025","1","$2,461,463","$2,461,463","$2,461,463","$2,461,463"
"Nah'Shon Hyland","PG","MIN                  MIN","25","2025","2025","1","$2,461,463","$2,461,463","$2,461,463","$2,461,463"
"Charles Bassey","C","ATL                  ATL","24","2025","2025","1","$2,461,463","$2,461,463","$2,461,463","$2,461,463"
"Kessler Edwards","SF","DEN                  DEN","25","2025","2025","1","$2,461,463","$2,461,463","$2,461,463","$2,461,463"
"Micah Potter","C","SAS                  SAS","27","2025","2025","1","$2,461,463","$2,461,463","$2,461,463","$2,461,463"
"Jaden Springer","PG","NOP                  NOP","22","2025","2025","1","$2,461,463","$2,461,463","$2,461,463","$2,461,463"
"Jared Butler","PG","PHX                  PHX","24","2025","2025","1","$2,461,463","$2,461,463","$2,461,463","$2,461,463"
"Lindy Waters III","SF","SAS                  SAS","27","2025","2025","1","$2,461,463","$2,461,463","$2,461,463","$2,461,463"
"Jock Landale","C","MEM                  MEM","29","2025","2025","1","$2,461,463","$2,461,463","$2,461,463","$2,461,463"
"Precious Achiuwa","PF","SAC                  SAC","26","2025","2025","1","$2,453,285","$2,453,285","$2,453,285","$2,453,285"
"Jamaree Bouyea","PG","SAS                  SAS","26","2025","2025","1","$2,378,870","$2,378,870","$2,378,870","$2,378,870"
"TyTy Washington Jr.","PG","LAC                  LAC","23","2025","2025","1","$2,378,870","$2,378,870","$2,378,870","$2,378,870"
"Ray Spalding","PF","IND                  IND","28","2025","2025","1","$2,378,870","$2,378,870","$2,378,870","$2,378,870"
"Kyle Guy","SG","IND                  IND","28","2025","2025","1","$2,378,870","$2,378,870","$2,378,870","$2,378,870"
"Zhaire Smith","SG","DAL                  DAL","26","2025","2025","1","$2,378,870","$2,378,870","$2,378,870","$2,378,870"
"Vernon Carey Jr.","C","HOU                  HOU","24","2025","2025","1","$2,378,870","$2,378,870","$2,378,870","$2,378,870"
"Mac McClung","PG","CHI                  CHI","26","2025","2025","1","$2,378,870","$2,378,870","$2,378,870","$2,378,870"
"Johnny Davis","SG","MIL                  MIL","23","2025","2025","1","$2,378,870","$2,378,870","$2,378,870","$2,378,870"
"Nate Hinton","SG","MEM                  MEM","26","2025","2025","1","$2,378,870","$2,378,870","$2,378,870","$2,378,870"
"MarJon Beauchamp","SG","PHI                  PHI","25","2025","2025","1","$2,378,870","$2,378,870","$2,378,870","$2,378,870"
"Alondes Williams","G","WAS                  WAS","26","2025","2025","1","$2,378,870","$2,378,870","$2,378,870","$2,378,870"
"MarJon Beauchamp","SG","POR                  POR","24","2025","2025","1","$2,378,870","$2,378,870","$2,378,870","$2,378,870"
"Jeenathan Williams","SG","LAL                  LAL","26","2025","2025","1","$2,378,870","$2,378,870","$2,378,870","$2,378,870"
"Marques Bolden","C","GSW                  GSW","27","2025","2025","1","$2,378,870","$2,378,870","$2,378,870","$2,378,870"
"Jared Rhoden","SG","TOR                  TOR","26","2025","2025","1","$2,378,870","$2,378,870","$2,378,870","$2,378,870"
"Wendell Moore Jr.","SG","BOS                  BOS","24","2025","2025","1","$2,378,870","$2,378,870","$2,378,870","$2,378,870"
"Malcolm Hill","G","PHI                  PHI","29","2025","2025","1","$2,378,870","$2,378,870","$2,378,870","$2,378,870"
"Ron Harper Jr.","SG","BOS                  BOS","25","2025","2025","1","$2,378,870","$2,378,870","$2,378,870","$2,378,870"
"Kendall Brown","SF","BOS                  BOS","22","2025","2025","1","$2,378,870","$2,378,870","$2,378,870","$2,378,870"
"Johnny Juzang","SG","MIN                  MIN","24","2025","2025","1","$2,378,870","$2,378,870","$2,378,870","$2,378,870"
"Justin Minaya","F","ORL                  ORL","26","2025","2025","1","$2,378,870","$2,378,870","$2,378,870","$2,378,870"
"Lester Quinones","SG","ORL                  ORL","24","2025","2025","1","$2,378,870","$2,378,870","$2,378,870","$2,378,870"
"Stanley Umude","G","SAS                  SAS","26","2025","2025","1","$2,378,870","$2,378,870","$2,378,870","$2,378,870"
"Caleb Houstan","SF","ATL                  ATL","22","2025","2025","1","$2,378,870","$2,378,870","$2,378,870","$2,378,870"
"Jason Preston","PG","LAC                  LAC","26","2025","2025","1","$2,378,870","$2,378,870","$2,378,870","$2,378,870"
"TyTy Washington Jr.","PG","LAC                  LAC","23","2025","2025","1","$2,378,870","$2,378,870","$2,378,870","$2,378,870"
"Patrick Baldwin Jr.","SF","LAC                  LAC","22","2025","2025","1","$2,378,870","$2,378,870","$2,378,870","$2,378,870"
"Olivier Sarr","C","TOR                  TOR","26","2025","2025","1","$2,378,870","$2,378,870","$2,378,870","$2,378,870"
"Blake Wesley","SG","POR                  POR","22","2025","2025","1","$2,378,870","$2,378,870","$2,378,870","$2,378,870"
"David Roddy","PF","TOR                  TOR","24","2025","2025","1","$2,378,870","$2,378,870","$2,378,870","$2,378,870"
"Collin Gillespie","PG","PHX                  PHX","26","2025","2025","1","$2,378,870","$2,378,870","$2,378,870","$2,378,870"
"Keaton Wallace","G","ATL                  ATL","26","2025","2025","1","$2,296,274","$2,296,274","$2,296,274","$2,296,274"
"DeJon Jarreau","SG","MEM                  MEM","27","2025","2025","1","$2,296,274","$2,296,274","$2,296,274","$2,296,274"
"Dariq Whitehead","SG","OKC                  OKC","21","2025","2025","1","$2,296,274","$2,296,274","$2,296,274","$2,296,274"
"Ricky Council IV","G","HOU                  HOU","24","2025","2025","1","$2,296,274","$2,296,274","$2,296,274","$2,296,274"
"John Butler Jr.","C","MIL                  MIL","22","2025","2025","1","$2,296,274","$2,296,274","$2,296,274","$2,296,274"
"Buddy Boeheim","SG","OKC                  OKC","25","2025","2025","1","$2,296,274","$2,296,274","$2,296,274","$2,296,274"
"Javonte Smart","G","ORL                  ORL","26","2025","2025","1","$2,296,274","$2,296,274","$2,296,274","$2,296,274"
"D.J. Carton","PG","NOP                  NOP","25","2025","2025","1","$2,296,274","$2,296,274","$2,296,274","$2,296,274"
"Feron Hunt","SF","NYK                  NYK","26","2025","2025","1","$2,296,274","$2,296,274","$2,296,274","$2,296,274"
"Ibou Badji","C","CHA                  CHA","22","2025","2025","1","$2,296,274","$2,296,274","$2,296,274","$2,296,274"
"Jaylen Martin","F","PHI                  PHI","21","2025","2025","1","$2,296,274","$2,296,274","$2,296,274","$2,296,274"
"Emoni Bates","SG","PHI                  PHI","21","2025","2025","1","$2,296,274","$2,296,274","$2,296,274","$2,296,274"
"Marcus Garrett","PG","CHA                  CHA","26","2025","2025","1","$2,296,274","$2,296,274","$2,296,274","$2,296,274"
"Colin Castleton","PF","ORL                  ORL","25","2025","2025","1","$2,296,274","$2,296,274","$2,296,274","$2,296,274"
"Adam Flagler","G","SAS                  SAS","25","2025","2025","1","$2,296,274","$2,296,274","$2,296,274","$2,296,274"
"Chris Livingston","SF","MIL                  MIL","21","2025","2025","1","$2,296,274","$2,296,274","$2,296,274","$2,296,274"
"Sean McDermott","SF","PHX                  PHX","","2025","2025","1","$2,048,494","$2,048,494","$2,048,494","$2,048,494"
"Donovan Williams","SF","NYK                  NYK","24","2025","2025","1","$2,048,494","$2,048,494","$2,048,494","$2,048,494"
"M.J. Walker","SF","ATL                  ATL","27","2025","2025","1","$2,048,494","$2,048,494","$2,048,494","$2,048,494"
"Trevon Scott","SF","BKN                  BKN","28","2025","2025","1","$2,048,494","$2,048,494","$2,048,494","$2,048,494"
"Phillip Wheeler","F","ORL                  ORL","23","2025","2025","1","$2,048,494","$2,048,494","$2,048,494","$2,048,494"
"Jalen Crutcher","G","ORL                  ORL","26","2025","2025","1","$2,048,494","$2,048,494","$2,048,494","$2,048,494"
"Cameron McGriff","SF","UTA                  UTA","28","2025","2025","1","$2,048,494","$2,048,494","$2,048,494","$2,048,494"
"Leaky Black","SF","WAS                  WAS","26","2025","2025","1","$2,048,494","$2,048,494","$2,048,494","$2,048,494"
"R.J. Nembhard","PG","CHI                  CHI","26","2025","2025","1","$2,048,494","$2,048,494","$2,048,494","$2,048,494"
"Liam Robbins","C","POR                  POR","26","2025","2025","1","$2,048,494","$2,048,494","$2,048,494","$2,048,494"
"Anton Watson","PF","LAL                  LAL","24","2025","2025","1","$2,048,494","$2,048,494","$2,048,494","$2,048,494"
"Zyon Pullin","PG","MIN                  MIN","24","2025","2025","1","$2,048,494","$2,048,494","$2,048,494","$2,048,494"
"Jules Bernard","SG","MIN                  MIN","25","2025","2025","1","$2,048,494","$2,048,494","$2,048,494","$2,048,494"
"Taevion Kinsey","G","GSW                  GSW","25","2025","2025","1","$2,048,494","$2,048,494","$2,048,494","$2,048,494"
"Dexter Dennis","G","SAC                  SAC","26","2025","2025","1","$2,048,494","$2,048,494","$2,048,494","$2,048,494"
"Marcus Bagley","SF","PHI                  PHI","23","2025","2025","1","$2,048,494","$2,048,494","$2,048,494","$2,048,494"
"Javante McCoy","G","DEN                  DEN","27","2025","2025","1","$2,048,494","$2,048,494","$2,048,494","$2,048,494"
"Jarron Cumberland","SG","LAL                  LAL","28","2025","2025","1","$2,048,494","$2,048,494","$2,048,494","$2,048,494"
"Alex Reese","F","POR                  POR","26","2025","2025","1","$2,048,494","$2,048,494","$2,048,494","$2,048,494"
"Jazian Gortman","G","OKC                  OKC","22","2025","2025","1","$2,048,494","$2,048,494","$2,048,494","$2,048,494"
"Jaylen Sims","G","CHA                  CHA","26","2025","2025","1","$2,048,494","$2,048,494","$2,048,494","$2,048,494"
"Malik Williams","C","ATL                  ATL","27","2025","2025","1","$2,048,494","$2,048,494","$2,048,494","$2,048,494"
"Quincy Olivari","G","DET                  DET","24","2025","2025","1","$2,048,494","$2,048,494","$2,048,494","$2,048,494"
"Kennedy Chandler","PG","PHI                  PHI","23","2025","2025","1","$2,048,494","$2,048,494","$2,048,494","$2,048,494"
"Damion Baugh","SG","PHX                  PHX","25","2025","2025","1","$2,048,494","$2,048,494","$2,048,494","$2,048,494"
"D’Moi Hodge","F","DAL                  DAL","26","2025","2025","1","$2,048,494","$2,048,494","$2,048,494","$2,048,494"
"Jalen Bridges","SG","BOS                  BOS","24","2025","2025","1","$2,048,494","$2,048,494","$2,048,494","$2,048,494"
"Yuri Collins","G","BKN                  BKN","24","2025","2025","1","$2,048,494","$2,048,494","$2,048,494","$2,048,494"
"Charles Bediako","F","DET                  DET","23","2025","2025","1","$2,048,494","$2,048,494","$2,048,494","$2,048,494"
"Keyontae Johnson","SF","CHA                  CHA","25","2025","2025","1","$2,048,494","$2,048,494","$2,048,494","$2,048,494"
"Jahmir Young","PG","MIA                  MIA","24","2025","2025","1","$2,048,494","$2,048,494","$2,048,494","$2,048,494"
"Trevor Keels","SG","MIA                  MIA","22","2025","2025","1","$2,048,494","$2,048,494","$2,048,494","$2,048,494"
"Jalen Slawson","PF","IND                  IND","25","2025","2025","1","$2,048,494","$2,048,494","$2,048,494","$2,048,494"
"Mouhamadou Gueye","F","CHI                  CHI","27","2025","2025","1","$2,048,494","$2,048,494","$2,048,494","$2,048,494"
"Reece Beekman","PG","ORL                  ORL","23","2025","2025","1","$2,048,494","$2,048,494","$2,048,494","$2,048,494"
"Kylor Kelley","C","LAL                  LAL","27","2025","2025","1","$2,048,494","$2,048,494","$2,048,494","$2,048,494"
"Ethan Thompson","SG","MIA                  MIA","26","2025","2025","1","$2,048,494","$2,048,494","$2,048,494","$2,048,494"
"Malevy Leons","PF","OKC                  OKC","25","2025","2025","1","$2,048,494","$2,048,494","$2,048,494","$2,048,494"
"Nigel Hayes-Davis","PF","PHX                  PHX","30","2025","2025","1","$2,048,494","$2,048,494","$2,048,494","$2,048,494"
"Garrison Mathews","SG","IND                  IND","29","2025","2025","1","$2,031,929","$2,031,929","$2,031,929","$2,031,929"
"Mohamed Bamba","C","TOR                  TOR","27","2025","2025","1","$1,859,176","$1,859,176","$1,859,176","$1,859,176"
"DeAndre Williams","SF","PHI                  PHI","29","2025","2025","1","$1,272,870","$1,272,870","$1,272,870","$1,272,870"
"Kyle Mangas","G","SAS                  SAS","26","2025","2025","1","$1,272,870","$1,272,870","$1,272,870","$1,272,870"
"James Banks III","C","SAS                  SAS","27","2025","2025","1","$1,272,870","$1,272,870","$1,272,870","$1,272,870"
"DeAndre Baldwin","SF","PHI                  PHI","29","2025","2025","1","$1,272,870","$1,272,870","$1,272,870","$1,272,870"
"Jamarion Sharp","C","DAL                  DAL","24","2025","2025","1","$1,272,870","$1,272,870","$1,272,870","$1,272,870"
"Zeke Mayo","G","CLE                  CLE","22","2025","2025","1","$1,272,870","$1,272,870","$1,272,870","$1,272,870"
"Reggie Luis Jr.","F","BOS                  BOS","22","2025","2025","1","$1,272,870","$1,272,870","$1,272,870","$1,272,870"
"Matt Cross","F","DAL                  DAL","24","2025","2025","1","$1,272,870","$1,272,870","$1,272,870","$1,272,870"
"Hunter Cattoor","PG","BKN                  BKN","24","2025","2025","1","$1,272,870","$1,272,870","$1,272,870","$1,272,870"
"Julian Reese","F","TOR                  TOR","22","2025","2025","1","$1,272,870","$1,272,870","$1,272,870","$1,272,870"
"Nathan Mariano","G","PHX                  PHX","22","2025","2025","1","$1,272,870","$1,272,870","$1,272,870","$1,272,870"
"Tyrese Hunter","G","HOU                  HOU","22","2025","2025","1","$1,272,870","$1,272,870","$1,272,870","$1,272,870"
"Aaron Scott","G","BOS                  BOS","22","2025","2025","1","$1,272,870","$1,272,870","$1,272,870","$1,272,870"
"Caleb McConnell","G","HOU                  HOU","26","2025","2025","1","$1,272,870","$1,272,870","$1,272,870","$1,272,870"
"Bez Mbeng","G","MIA                  MIA","23","2025","2025","1","$1,272,870","$1,272,870","$1,272,870","$1,272,870"
"Jeremiah Tilmon","C","MIL                  MIL","26","2025","2025","1","$1,272,870","$1,272,870","$1,272,870","$1,272,870"
"Ibrahima Diallo","C","NYK                  NYK","25","2025","2025","1","$1,272,870","$1,272,870","$1,272,859","$1,272,859"
"Adama Bal","G","NYK                  NYK","21","2025","2025","1","$1,272,870","$1,272,870","$1,272,870","$1,272,870"
"Darius Brown II","G","CLE                  CLE","26","2025","2025","1","$1,272,870","$1,272,870","$1,272,870","$1,272,870"
"Hason Ward","C","BOS                  BOS","25","2025","2025","1","$1,272,870","$1,272,870","$1,272,870","$1,272,870"
"Stephen Thompson","SG","MIL                  MIL","28","2025","2025","1","$1,272,870","$1,272,870","$1,272,870","$1,272,870"
"Cameron Brown","SF","OKC                  OKC","24","2025","2025","1","$1,272,870","$1,272,870","$1,272,870","$1,272,870"
"Erik Reynolds II","G","OKC                  OKC","23","2025","2025","1","$1,272,870","$1,272,870","$1,272,870","$1,272,870"
"Sean East II","G","UTA                  UTA","25","2025","2025","1","$1,272,870","$1,272,870","$1,272,870","$1,272,870"
"Pedro Bradshaw","G","UTA                  UTA","27","2025","2025","1","$1,272,870","$1,272,870","$1,272,870","$1,272,870"
"Malachi Smith","G","BKN                  BKN","25","2025","2025","1","$1,272,870","$1,272,870","$1,272,870","$1,272,870"
"Grant Nelson","F","BKN                  BKN","23","2025","2025","1","$1,272,870","$1,272,870","$1,272,870","$1,272,870"
"Jonas Aidoo","C","CHA                  CHA","22","2025","2025","1","$1,272,870","$1,272,870","$1,272,870","$1,272,870"
"Steve Settle","F","MIA                  MIA","24","2025","2025","1","$1,272,870","$1,272,870","$1,272,870","$1,272,870"
"Terry Roberts","G","BKN                  BKN","25","2025","2025","1","$1,272,870","$1,272,870","$1,272,870","$1,272,870"
"James Akinjo","PG","DEN                  DEN","24","2025","2025","1","$1,272,870","$1,272,870","$1,272,870","$1,272,870"
"Deivon Smith","PG","ATL                  ATL","23","2025","2025","1","$1,272,870","$1,272,870","$1,272,870","$1,272,870"
"LaMont Butler","PG","ATL                  ATL","23","2025","2025","1","$1,272,870","$1,272,870","$1,272,870","$1,272,870"
"Payton Sandfort","SF","OKC                  OKC","23","2025","2025","1","$1,272,870","$1,272,870","$1,272,870","$1,272,870"
"Kadary Richmond","SG","WAS                  WAS","24","2025","2025","1","$1,272,870","$1,272,870","$1,272,870","$1,272,870"
"Viktor Lakhin","F","OKC                  OKC","24","2025","2025","1","$1,272,870","$1,272,870","$1,272,870","$1,272,870"
"Daniel Batcho","PF","SAC                  SAC","23","2025","2025","1","$1,272,870","$1,272,870","$1,272,870","$1,272,870"
"Mitch Mascari","SG","SAC                  SAC","25","2025","2025","1","$1,272,870","$1,272,870","$1,272,870","$1,272,870"
"Jaden Akins","G","DET                  DET","22","2025","2025","1","$1,272,870","$1,272,870","$1,272,870","$1,272,870"
"Gabe Madsen","F","MIA                  MIA","24","2025","2025","1","$1,272,870","$1,272,870","$1,272,870","$1,272,870"
"Josh Oduro","C","NOP                  NOP","24","2025","2025","1","$1,272,870","$1,272,870","$1,272,870","$1,272,870"
"Chase Hunter","SG","NOP                  NOP","24","2025","2025","1","$1,272,870","$1,272,870","$1,272,870","$1,272,870"
"Coleman Hawkins","SF","DEN                  DEN","23","2025","2025","1","$1,272,870","$1,272,870","$1,272,870","$1,272,870"
"Terrence Hargrove Jr.","SF","DEN                  DEN","24","2025","2025","1","$1,272,870","$1,272,870","$1,272,870","$1,272,870"
"Eric Dixon","F","CHA                  CHA","24","2025","2025","1","$1,272,870","$1,272,870","$1,272,870","$1,272,870"
"Trhae Mitchell","F","NOP                  NOP","28","2025","2025","1","$1,272,870","$1,272,870","$1,272,870","$1,272,870"
"Sean Pedulla","G","POR                  POR","22","2025","2025","1","$1,272,870","$1,272,870","$1,272,870","$1,272,870"
"Max Abmas","G","UTA                  UTA","24","2025","2025","1","$1,272,870","$1,272,870","$1,272,870","$1,272,870"
"Johnell Davis","G","ORL                  ORL","24","2025","2025","1","$1,272,870","$1,272,870","$1,272,870","$1,272,870"
"Andrew Carr","F","POR                  POR","23","2025","2025","1","$1,272,870","$1,272,870","$3,664,755","$3,664,755"
"D.J. Rodman","G","CHA                  CHA","24","2025","2025","1","$1,272,870","$1,272,870","$1,272,870","$1,272,870"
"Akoldah Gak","SF","WAS                  WAS","23","2025","2025","1","$1,272,870","$1,272,870","$1,272,870","$1,272,870"
"Javonte Cooke","G","POR                  POR","26","2025","2025","1","$1,272,870","$1,272,870","$1,272,870","$1,272,870"
"Jacksen Moni","C","GSW                  GSW","22","2025","2025","1","$1,272,870","$1,272,870","$1,272,870","$1,272,870"
"Chance McMillian","G","GSW                  GSW","24","2025","2025","1","$1,272,870","$1,272,870","$1,272,870","$1,272,870"
"Ja'Vier Francis","F","GSW                  GSW","21","2025","2025","1","$1,272,870","$1,272,870","$1,272,870","$1,272,870"
"L.J. Cryer","PG","GSW                  GSW","23","2025","2025","1","$1,272,870","$1,272,870","$1,272,870","$1,272,870"
"Tristan Enaruna","PF","CLE                  CLE","24","2025","2025","1","$1,272,870","$1,272,870","$1,272,870","$1,272,870"
"Tevian Jones","PF","LAL                  LAL","25","2025","2025","1","$1,272,870","$1,272,870","$1,272,870","$1,272,870"
"Saint Thomas","F","PHI                  PHI","22","2025","2025","1","$1,272,870","$1,272,870","$1,272,870","$1,272,870"
"Miller Kopp","F","CLE                  CLE","26","2025","2025","1","$1,272,870","$1,272,870","$1,272,870","$1,272,870"
"Norchad Omier","F","CLE                  CLE","24","2025","2025","1","$1,272,870","$1,272,870","$1,272,870","$1,272,870"
"Chaney Johnson","F","CLE                  CLE","23","2025","2025","1","$1,272,870","$1,272,870","$1,272,870","$1,272,870"
"Jaylin Williams","PF","SAC                  SAC","25","2025","2025","1","$1,272,870","$1,272,870","$1,272,870","$1,272,870"
"Jameer Nelson Jr.","G","SAC                  SAC","24","2025","2025","1","$1,272,870","$1,272,870","$1,272,870","$1,272,870"
"John Poulakidas","G","LAC                  LAC","22","2025","2025","1","$1,272,870","$1,272,870","$1,272,870","$1,272,870"
"Jahmyl Telfort","SF","LAC                  LAC","24","2025","2025","1","$1,272,870","$1,272,870","$1,272,870","$1,272,870"
"Justyn Hamilton","F","DEN                  DEN","26","2025","2025","1","$1,272,870","$1,272,870","$1,272,870","$1,272,870"
"Taylor Funk","PF","LAC                  LAC","27","2025","2025","1","$1,272,870","$1,272,870","$1,272,870","$1,272,870"
"Warith Alatishe","SF","CLE                  CLE","25","2025","2025","1","$1,272,870","$1,272,870","$1,272,870","$1,272,870"
"Jax Robinson","F","CLE                  CLE","22","2025","2025","1","$1,272,870","$1,272,870","$1,272,870","$1,272,870"
"Blake Hinson","SG","POR                  POR","25","2025","2025","1","$1,272,870","$1,272,870","$1,272,870","$1,272,870"
"Chris Youngblood","SG","OKC                  OKC","23","2025","2025","1","$1,272,870","$1,272,870","$1,272,870","$1,272,870"
"Zack Austin","F","OKC                  OKC","24","2025","2025","1","$1,272,870","$1,272,870","$1,272,870","$1,272,870"
"Jon Elmore","G","SAC                  SAC","29","2025","2025","1","$1,272,870","$1,272,870","$1,272,870","$1,272,870"
"Alex Morales","G","ORL                  ORL","27","2025","2025","1","$1,272,870","$1,272,870","$1,272,870","$1,272,870"
"LaMont Butler","PG","ATL                  ATL","23","2025","2025","1","$1,272,870","$1,272,870","$1,272,870","$1,272,870"
"Gabe McGlothan","PF","IND                  IND","30","2025","2025","1","$1,272,870","$1,272,870","$1,272,870","$1,272,870"
"Samson Johnson","PF","IND                  IND","23","2025","2025","1","$1,272,870","$1,272,870","$1,272,870","$1,272,870"
"Nate Santos","SF","MIN                  MIN","23","2025","2025","1","$1,272,870","$1,272,870","$1,272,870","$1,272,870"
"Isaih Moore","PF","CHA                  CHA","25","2025","2025","1","$1,272,870","$1,272,870","$1,272,870","$1,272,870"
"Terrell Brown Jr.","G","CHA                  CHA","27","2025","2025","1","$1,272,870","$1,272,870","$1,272,870","$1,272,870"
"C.J. Fulton","PG","MIN                  MIN","23","2025","2025","1","$1,272,870","$1,272,870","$1,272,870","$1,272,870"
"Fanbo Zeng","SF","BKN                  BKN","22","2025","2025","1","$1,272,870","$1,272,870","$1,272,870","$1,272,870"
"D.J. Rodman","G","CHA                  CHA","24","2025","2025","1","$1,272,870","$1,272,870","$1,272,870","$1,272,870"
"Tyson Degenhart","F","TOR                  TOR","22","2025","2025","1","$1,272,870","$1,272,870","$1,272,870","$1,272,870"
"Matthew Murrell","SG","UTA                  UTA","23","2025","2025","1","$1,272,870","$1,272,870","$1,272,870","$1,272,870"
"Steven Crowl","C","UTA                  UTA","24","2025","2025","1","$1,272,870","$1,272,870","$1,272,870","$1,272,870"
"R.J. Felton","G","IND                  IND","23","2025","2025","1","$1,272,870","$1,272,870","$1,272,870","$1,272,870"
"Steven Ashworth","G","IND                  IND","25","2025","2025","1","$1,272,870","$1,272,870","$1,272,870","$1,272,870"
"Tyrese Samuel","PF","PHX                  PHX","25","2025","2025","1","$1,272,870","$1,272,870","$1,272,870","$1,272,870"
"Jonathan Pierre","F","WAS                  WAS","22","2025","2025","1","$1,272,870","$1,272,870","$1,272,870","$1,272,870"
"Keshon Gilbert","G","WAS                  WAS","22","2025","2025","1","$1,272,870","$1,272,870","$1,272,870","$1,272,870"
"Dane Goodwin","SG","DEN                  DEN","25","2025","2025","1","$1,272,870","$1,272,870","$1,272,870","$1,272,870"
"Brandon Slater","SF","CHA                  CHA","26","2025","2025","1","$1,272,870","$1,272,870","$1,272,870","$1,272,870"
"Brice Williams","F","DET                  DET","24","2025","2025","1","$1,272,870","$1,272,870","$1,272,870","$1,272,870"
"Dawson Garcia","SF","DET                  DET","23","2025","2025","1","$1,272,870","$1,272,870","$1,272,870","$1,272,870"
"John Ukomadu","F","DET                  DET","23","2025","2025","1","$1,272,870","$1,272,870","$1,272,870","$1,272,870"
"Nojel Eastern","G","TOR                  TOR","26","2025","2025","1","$1,272,870","$1,272,870","$1,272,870","$1,272,870"
"D'Andre Davis","SG","BKN                  BKN","24","2025","2025","1","$1,272,870","$1,272,870","$1,272,870","$1,272,870"
"Johnny O'Neil","C","NOP                  NOP","","2025","2025","1","$1,272,870","$1,272,870","$1,272,870","$1,272,870"
"Dink Pate","SG","NYK                  NYK","19","2025","2025","1","$1,272,870","$1,272,870","$1,272,870","$1,272,870"
"Bryson Warren","G","NYK                  NYK","20","2025","2025","1","$1,272,870","$1,272,870","$1,272,870","$1,272,870"
"Mohamed Diawara","PF","NYK                  NYK","20","2025","2025","1","$1,272,870","$1,272,870","$1,272,870","$1,272,870"
"Jalon Moore","F","NOP                  NOP","22","2025","2025","1","$1,272,870","$1,272,870","$1,272,870","$1,272,870"
"Isaiah Miller","G","SAS                  SAS","26","2025","2025","1","$1,272,870","$1,272,870","$1,272,870","$1,272,870"
"David Muoka","C","BKN                  BKN","24","2025","2025","1","$1,272,870","$1,272,870","$1,272,870","$1,272,870"
"Gabe Madsen","F","MIA                  MIA","24","2025","2025","1","$1,272,870","$1,272,870","$1,272,870","$1,272,870"
"Dain Dainja","F","MIA                  MIA","23","2025","2025","1","$1,272,870","$1,272,870","$1,272,870","$1,272,870"
"Kobe Johnson","G","ATL                  ATL","22","2025","2025","1","$1,272,870","$1,272,870","$1,272,870","$1,272,870"
"Jarkel Joiner","G","TOR                  TOR","26","2025","2025","1","$1,272,870","$1,272,870","$1,272,870","$1,272,870"
"Cormac Ryan","SG","MIL                  MIL","26","2025","2025","1","$1,272,870","$1,272,870","$1,272,870","$1,272,870"
"Tyreke Key","G","TOR                  TOR","26","2025","2025","1","$1,272,870","$1,272,870","$1,272,870","$1,272,870"
"Osayi Osifo","F","SAS                  SAS","25","2025","2025","1","$1,272,870","$1,272,870","$1,272,870","$1,272,870"
"Zach Freemantle","F","LAC                  LAC","24","2025","2025","1","$1,272,870","$1,272,870","$1,272,870","$1,272,870"
"Quincy Guerrier","F","TOR                  TOR","26","2025","2025","1","$1,272,870","$1,272,870","$1,272,870","$1,272,870"
"Jaden Shackelford","G","PHX                  PHX","24","2025","2025","1","$1,272,870","$1,272,870","$1,272,870","$1,272,870"
"Tyler Burton","SF","MEM                  MEM","25","2025","2025","1","$1,272,870","$1,272,870","$1,272,870","$1,272,870"
"Lawson Lovering","C","MEM                  MEM","22","2025","2025","1","$1,272,870","$1,272,870","$1,272,870","$1,272,870"
"Alex Schumacher","G","PHX                  PHX","24","2025","2025","1","$1,272,870","$1,272,870","$1,272,870","$1,272,870"
"Javan Johnson","F","ATL                  ATL","26","2025","2025","1","$1,272,870","$1,272,870","$1,272,870","$1,272,870"
"Dwight Murray Jr.","G","ATL                  ATL","25","2025","2025","1","$1,272,870","$1,272,870","$1,272,870","$1,272,870"
"Garrison Brooks","C","NOP                  NOP","26","2025","2025","1","$1,272,870","$1,272,870","$1,272,870","$1,272,870"
"Arthur Kaluma","F","LAL                  LAL","23","2025","2025","1","$1,272,870","$1,272,870","$1,272,870","$1,272,870"
"Eric Dixon","F","LAL                  LAL","24","2025","2025","1","$1,272,870","$1,272,870","$1,272,870","$1,272,870"
"Augustas Marciulionis","G","LAL                  LAL","23","2025","2025","1","$1,272,870","$1,272,870","$1,272,870","$1,272,870"
"R.J. Davis","SG","LAL                  LAL","23","2025","2025","1","$1,272,870","$1,272,870","$1,272,870","$1,272,870"
"Hayden Gray","G","BOS                  BOS","22","2025","2025","1","$1,272,870","$1,272,870","$1,272,870","$1,272,870"
"Cameron Matthews","F","HOU                  HOU","23","2025","2025","1","$1,272,870","$1,272,870","$1,272,870","$1,272,870"
"Igor Milicic Jr.","F","PHI                  PHI","22","2025","2025","1","$1,272,870","$1,272,870","$1,272,870","$1,272,870"
"Matthew Cleveland","SG","DAL                  DAL","22","2025","2025","1","$1,272,870","$1,272,870","$1,272,870","$1,272,870"
"Moussa Cisse","F","DAL                  DAL","22","2025","2025","1","$1,272,870","$1,272,870","$1,272,870","$1,272,870"
"Caleb Grill","G","CHI                  CHI","25","2025","2025","1","$1,272,870","$1,272,870","$1,272,870","$1,272,870"
"Wooga Poplar","G","CHI                  CHI","22","2025","2025","1","$1,272,870","$1,272,870","$1,272,870","$1,272,870"
"Miles McBride","PG","NYK                  NYK","25","2025","2025","1","$530,933","$530,933","$530,933","$530,933"
"Landry Shamet","SG","NYK                  NYK","28","2025","2025","1","$530,933","$530,933","$530,933","$530,933"
"Guerschon Yabusele","PF","NYK                  NYK","30","2025","2025","1","$530,933","$530,933","$530,933","$530,933"
"Mohamed Diawara","PF","NYK                  NYK","20","2025","2025","1","$530,933","$530,933","$530,933","$530,933"
"Pacome Dadiet","SG","NYK                  NYK","20","2025","2025","1","$530,933","$530,933","$530,933","$530,933"
"Ariel Hukporti","C","NYK                  NYK","23","2025","2025","1","$530,933","$530,933","$530,933","$530,933"
"Tyler Kolek","PG","NYK                  NYK","24","2025","2025","1","$530,933","$530,933","$530,933","$530,933"
"Mitchell Robinson","C","NYK                  NYK","27","2025","2025","1","$530,933","$530,933","$530,933","$530,933"
"Jordan Clarkson","SG","NYK                  NYK","33","2025","2025","1","$530,933","$530,933","$530,933","$530,933"
"Jalen Brunson","PG","NYK                  NYK","29","2025","2025","1","$530,933","$530,933","$530,933","$530,933"
"Mikal Bridges","SF","NYK                  NYK","29","2025","2025","1","$530,933","$530,933","$530,933","$530,933"
"Karl-Anthony Towns","C","NYK                  NYK","30","2025","2025","1","$530,933","$530,933","$530,933","$530,933"
"OG Anunoby","SF","NYK                  NYK","28","2025","2025","1","$530,933","$530,933","$530,933","$530,933"
"Josh Hart","SG","NYK                  NYK","30","2025","2025","1","$530,933","$530,933","$530,933","$530,933"
"Kevin McCullar Jr.","SG","NYK                  NYK","24","2025","2025","1","$265,467","$265,467","$265,466","$265,466"
"Trey Jemison","PF","NYK                  NYK","26","2025","2025","1","$265,467","$265,467","$265,466","$265,466"
"Tosan Evbuomwan","SG","NYK                  NYK","24","2025","2025","1","$265,467","$265,467","$530,932","$530,932"
"Lindy Waters III","SF","SAS                  SAS","28","2025","2025","1","$212,373","$212,373","$212,373","$212,373"
"Jeremy Sochan","PF","SAS                  SAS","22","2025","2025","1","$212,373","$212,373","$212,373","$212,373"
"Kelly Olynyk","PF","SAS                  SAS","34","2025","2025","1","$212,373","$212,373","$212,373","$212,373"
"Jordan McLaughlin","PG","SAS                  SAS","29","2025","2025","1","$212,373","$212,373","$212,373","$212,373"
"Carter Bryant","PF","SAS                  SAS","20","2025","2025","1","$212,373","$212,373","$212,373","$212,373"
"Bismack Biyombo","C","SAS                  SAS","33","2025","2025","1","$212,373","$212,373","$212,373","$212,373"
"Keldon Johnson","SG","SAS                  SAS","26","2025","2025","1","$212,373","$212,373","$212,373","$212,373"
"Julian Champagnie","SF","SAS                  SAS","24","2025","2025","1","$212,373","$212,373","$212,373","$212,373"
"Dylan Harper","PG","SAS                  SAS","19","2025","2025","1","$212,373","$212,373","$212,373","$212,373"
"Victor Wembanyama","C","SAS                  SAS","21","2025","2025","1","$212,373","$212,373","$212,373","$212,373"
"De'Aaron Fox","PG","SAS                  SAS","28","2025","2025","1","$212,373","$212,373","$212,373","$212,373"
"Stephon Castle","PG","SAS                  SAS","21","2025","2025","1","$212,373","$212,373","$212,373","$212,373"
"Luke Kornet","C","SAS                  SAS","30","2025","2025","1","$212,373","$212,373","$212,373","$212,373"
"Harrison Barnes","PF","SAS                  SAS","33","2025","2025","1","$212,373","$212,373","$212,373","$212,373"
"Devin Vassell","SG","SAS                  SAS","25","2025","2025","1","$212,373","$212,373","$212,373","$212,373"
"Tony Bradley","C","IND                  IND","28","2025","2025","10","$177,064","$17,706","$177,064","$177,064"
"Garrison Mathews","SG","IND                  IND","29","2025","2025","10","$165,197","$16,520","$165,197","$165,197"
"Cody Martin","SF","IND                  IND","30","2025","2025","10","$165,197","$16,520","$165,197","$165,197"
"James Wiseman","C","IND                  IND","24","2025","2025","10","$153,330","$15,333","$153,330","$153,330"
"Jeremiah Robinson-Earl","PF","IND                  IND","25","2025","2025","10","$141,463","$14,146","$141,463","$141,463"
"Jeremiah Robinson-Earl","PF","IND                  IND","24","2025","2025","10","$141,463","$14,146","$141,463","$141,463"
"Charles Bassey","C","MEM                  MEM","24","2025","2025","10","$141,463","$14,146","$141,463","$141,463"
"Christian Koloko","C","MEM                  MEM","25","2025","2025","10","$131,970","$13,197","$131,970","$131,970"
"Christian Koloko","C","MEM                  MEM","25","2025","2025","10","$131,970","$13,197","$131,970","$131,970"
"Kobe Bufkin","PG","MEM                  MEM","22","2025","2025","10","$131,970","$13,197","$131,970","$131,970"
"David Jones-Garcia","SF","SAS                  SAS","24","2025","2025","1","$106,187","$106,187","$106,186","$106,186"
"Harrison Ingram","SF","SAS                  SAS","23","2025","2025","1","$106,187","$106,187","$106,186","$106,186"
"Kyle Mangas","G","SAS                  SAS","26","2025","2025","1","$106,187","$106,187","$106,186","$106,186"
"Thomas Sorber","C","OKC                  OKC","19","2025","2025","1","$106,187","$106,187","$106,187","$106,187"
"Isaiah Joe","SG","OKC                  OKC","26","2025","2025","1","$106,187","$106,187","$106,187","$106,187"
"Nikola Topic","PG","OKC                  OKC","20","2025","2025","1","$106,187","$106,187","$106,187","$106,187"
"Kenrich Williams","PF","OKC                  OKC","31","2025","2025","1","$106,187","$106,187","$106,187","$106,187"
"Ousmane Dieng","SF","OKC                  OKC","22","2025","2025","1","$106,187","$106,187","$106,187","$106,187"
"Aaron Wiggins","SG","OKC                  OKC","26","2025","2025","1","$106,187","$106,187","$106,187","$106,187"
"Cason Wallace","PG","OKC                  OKC","22","2025","2025","1","$106,187","$106,187","$106,187","$106,187"
"Ajay Mitchell","PG","OKC                  OKC","23","2025","2025","1","$106,187","$106,187","$106,187","$106,187"
"Alex Caruso","SG","OKC                  OKC","31","2025","2025","1","$106,187","$106,187","$106,187","$106,187"
"Shai Gilgeous-Alexander","PG","OKC                  OKC","27","2025","2025","1","$106,187","$106,187","$106,187","$106,187"
"Luguentz Dort","SG","OKC                  OKC","26","2025","2025","1","$106,187","$106,187","$106,187","$106,187"
"Isaiah Hartenstein","C","OKC                  OKC","27","2025","2025","1","$106,187","$106,187","$106,187","$106,187"
"Chet Holmgren","C","OKC                  OKC","23","2025","2025","1","$106,187","$106,187","$106,187","$106,187"
"Jalen Williams","SF","OKC                  OKC","24","2025","2025","1","$106,187","$106,187","$106,187","$106,187"
"Jaylin Williams","C","OKC                  OKC","23","2025","2025","1","$106,187","$106,187","$106,187","$106,187"
"Moritz Wagner","C","ORL                  ORL","28","2025","2025","1","$106,187","$106,187","$106,187","$106,187"
"Franz Wagner","SF","ORL                  ORL","24","2025","2025","1","$106,187","$106,187","$106,187","$106,187"
"Noah Penda","SF","ORL                  ORL","20","2025","2025","1","$106,187","$106,187","$106,187","$106,187"
"Jase Richardson","SG","ORL                  ORL","20","2025","2025","1","$106,187","$106,187","$106,187","$106,187"
"Tyus Jones","PG","ORL                  ORL","29","2025","2025","1","$106,187","$106,187","$106,187","$106,187"
"Goga Bitadze","C","ORL                  ORL","26","2025","2025","1","$106,187","$106,187","$106,187","$106,187"
"Tristan Da Silva","SF","ORL                  ORL","24","2025","2025","1","$106,187","$106,187","$106,187","$106,187"
"Jett Howard","SG","ORL                  ORL","22","2025","2025","1","$106,187","$106,187","$106,187","$106,187"
"Jonathan Isaac","PF","ORL                  ORL","28","2025","2025","1","$106,187","$106,187","$106,187","$106,187"
"Jalen Suggs","SG","ORL                  ORL","24","2025","2025","1","$106,187","$106,187","$106,187","$106,187"
"Anthony Black","SG","ORL                  ORL","21","2025","2025","1","$106,187","$106,187","$106,187","$106,187"
"Wendell Carter Jr.","C","ORL                  ORL","26","2025","2025","1","$106,187","$106,187","$106,187","$106,187"
"Paolo Banchero","PF","ORL                  ORL","23","2025","2025","1","$106,187","$106,187","$106,187","$106,187"
"Desmond Bane","SG","ORL                  ORL","27","2025","2025","1","$106,187","$106,187","$106,187","$106,187"
"Gabe McGlothan","PF","IND                  IND","30","2025","2025","10","$73,153","$7,315","$73,153","$73,153"
"Brooks Barnhizer","SF","OKC                  OKC","23","2025","2025","1","$53,094","$53,094","$53,093","$53,093"
"Branden Carlson","C","OKC                  OKC","26","2025","2025","1","$53,094","$53,094","$53,093","$53,093"
"Chris Youngblood","SG","OKC                  OKC","23","2025","2025","1","$53,094","$53,094","$53,093","$53,093"
"Colin Castleton","PF","ORL                  ORL","25","2025","2025","1","$53,094","$53,094","$53,093","$53,093"
"Orlando Robinson","C","ORL                  ORL","25","2025","2025","1","$53,094","$53,094","$53,093","$53,093"
"Jamal Cain","SF","ORL                  ORL","26","2025","2025","1","$53,094","$53,094","$106,186","$106,186"
"Jakob Poeltl","C","TOR                  TOR","30","2025","2025","1","$53,093","$53,093","$53,093","$53,093"
"Scottie Barnes","PF","TOR                  TOR","24","2025","2025","1","$53,093","$53,093","$53,093","$53,093"
"Brandon Ingram","SF","TOR                  TOR","28","2025","2025","1","$53,093","$53,093","$53,093","$53,093"
"Terry Rozier","PG","MIA                  MIA","31","2025","2025","1","$53,093","$53,093","$53,093","$53,093"
"Nikola Jovic","SF","MIA                  MIA","19","2025","2025","1","$53,093","$53,093","$53,093","$53,093"
"Keshad Johnson","PF","MIA                  MIA","24","2025","2025","1","$53,093","$53,093","$53,093","$53,093"
"Kasparas Jakucionis","PG","MIA                  MIA","19","2025","2025","1","$53,093","$53,093","$53,093","$53,093"
"Dru Smith","SG","MIA                  MIA","27","2025","2025","1","$53,093","$53,093","$53,093","$53,093"
"Simone Fontecchio","SF","MIA                  MIA","30","2025","2025","1","$53,093","$53,093","$53,093","$53,093"
"Kel'el Ware","C","MIA                  MIA","21","2025","2025","1","$53,093","$53,093","$53,093","$53,093"
"Pelle Larsson","SG","MIA                  MIA","24","2025","2025","1","$53,093","$53,093","$53,093","$53,093"
"Jaime Jaquez Jr.","SF","MIA                  MIA","24","2025","2025","1","$53,093","$53,093","$53,093","$53,093"
"Davion Mitchell","PG","MIA                  MIA","27","2025","2025","1","$53,093","$53,093","$53,093","$53,093"
"Tyler Herro","SG","MIA                  MIA","25","2025","2025","1","$53,093","$53,093","$53,093","$53,093"
"Bam Adebayo","C","MIA                  MIA","28","2025","2025","1","$53,093","$53,093","$53,093","$53,093"
"Andrew Wiggins","SF","MIA                  MIA","30","2025","2025","1","$53,093","$53,093","$53,093","$53,093"
"Norman Powell","SG","MIA                  MIA","32","2025","2025","1","$53,093","$53,093","$53,093","$53,093"
"Maxi Kleber","PF","LAL                  LAL","33","2025","2025","1","$53,093","$53,093","$53,093","$53,093"
"Jarred Vanderbilt","PF","LAL                  LAL","26","2025","2025","1","$53,093","$53,093","$53,093","$53,093"
"Adou Thiero","SF","LAL                  LAL","21","2025","2025","1","$53,093","$53,093","$53,093","$53,093"
"Dalton Knecht","SF","LAL                  LAL","24","2025","2025","1","$53,093","$53,093","$53,093","$53,093"
"Bronny James","PG","LAL                  LAL","21","2025","2025","1","$53,093","$53,093","$53,093","$53,093"
"Jake LaRavia","PF","LAL                  LAL","24","2025","2025","1","$53,093","$53,093","$53,093","$53,093"
"Jaxson Hayes","C","LAL                  LAL","25","2025","2025","1","$53,093","$53,093","$53,093","$53,093"
"Marcus Smart","PG","LAL                  LAL","31","2025","2025","1","$53,093","$53,093","$53,093","$53,093"
"Gabe Vincent","PG","LAL                  LAL","29","2025","2025","1","$53,093","$53,093","$53,093","$53,093"
"Luka Doncic","PG","LAL                  LAL","26","2025","2025","1","$53,093","$53,093","$53,093","$53,093"
"Austin Reaves","SG","LAL                  LAL","27","2025","2025","1","$53,093","$53,093","$53,093","$53,093"
"Deandre Ayton","C","LAL                  LAL","27","2025","2025","1","$53,093","$53,093","$53,093","$53,093"
"Rui Hachimura","PF","LAL                  LAL","27","2025","2025","1","$53,093","$53,093","$53,093","$53,093"
"LeBron James","PF","LAL                  LAL","40","2025","2025","1","$53,093","$53,093","$53,093","$53,093"
"Devin Booker","SG","PHX                  PHX","29","2025","2025","1","$53,093","$53,093","$53,093","$53,093"
"Jalen Green","SG","PHX                  PHX","23","2025","2025","1","$53,093","$53,093","$53,093","$53,093"
"Rasheer Fleming","PF","PHX                  PHX","21","2025","2025","1","$53,093","$53,093","$53,093","$53,093"
"Khaman Maluach","C","PHX                  PHX","19","2025","2025","1","$53,093","$53,093","$53,093","$53,093"
"Nigel Hayes-Davis","PF","PHX                  PHX","31","2025","2025","1","$53,093","$53,093","$53,093","$53,093"
"Nick Richards","C","PHX                  PHX","28","2025","2025","1","$53,093","$53,093","$53,093","$53,093"
"Jordan Goodwin","PG","PHX                  PHX","27","2025","2025","1","$53,093","$53,093","$53,093","$53,093"
"Oso Ighodaro","C","PHX                  PHX","23","2025","2025","1","$53,093","$53,093","$53,093","$53,093"
"Ryan Dunn","SF","PHX                  PHX","22","2025","2025","1","$53,093","$53,093","$53,093","$53,093"
"Grayson Allen","SG","PHX                  PHX","30","2025","2025","1","$53,093","$53,093","$53,093","$53,093"
"Collin Gillespie","PG","PHX                  PHX","26","2025","2025","1","$53,093","$53,093","$53,093","$53,093"
"Mark Williams","C","PHX                  PHX","24","2025","2025","1","$53,093","$53,093","$53,093","$53,093"
"Royce O'Neale","SF","PHX                  PHX","32","2025","2025","1","$53,093","$53,093","$53,093","$53,093"
"Dillon Brooks","SF","PHX                  PHX","29","2025","2025","1","$53,093","$53,093","$53,093","$53,093"
"Jamison Battle","SF","TOR                  TOR","24","2025","2025","1","$53,093","$53,093","$53,093","$53,093"
"Immanuel Quickley","PG","TOR                  TOR","26","2025","2025","1","$53,093","$53,093","$53,093","$53,093"
"R.J. Barrett","SG","TOR                  TOR","25","2025","2025","1","$53,093","$53,093","$53,093","$53,093"
"Jonathan Mogbo","C","TOR                  TOR","24","2025","2025","1","$53,093","$53,093","$53,093","$53,093"
"Garrett Temple","SG","TOR                  TOR","39","2025","2025","1","$53,093","$53,093","$106,186","$106,186"
"Gradey Dick","SG","TOR                  TOR","22","2025","2025","1","$53,093","$53,093","$53,093","$53,093"
"Collin Murray-Boyles","PF","TOR                  TOR","20","2025","2025","1","$53,093","$53,093","$53,093","$53,093"
"Ja'Kobe Walter","SG","TOR                  TOR","21","2025","2025","1","$53,093","$53,093","$53,093","$53,093"
"Sandro Mamukelashvili","C","TOR                  TOR","26","2025","2025","1","$53,093","$53,093","$53,093","$53,093"
"Jamal Shead","PG","TOR                  TOR","23","2025","2025","1","$53,093","$53,093","$53,093","$53,093"
"Ochai Agbaji","SF","TOR                  TOR","25","2025","2025","1","$53,093","$53,093","$53,093","$53,093"
"Chris Manon","G","LAL                  LAL","24","2025","2025","1","$26,547","$26,547","$26,546","$26,546"
"Nick Smith Jr.","PG","LAL                  LAL","21","2025","2025","1","$26,547","$26,547","$26,546","$26,546"
"Drew Timme","F","LAL                  LAL","25","2025","2025","1","$26,547","$26,547","$26,546","$26,546"
"Koby Brea","G","PHX                  PHX","23","2025","2025","1","$26,547","$26,547","$26,546","$26,546"
"Isaiah Livers","SF","PHX                  PHX","27","2025","2025","1","$26,547","$26,547","$26,546","$26,546"
"Jamaree Bouyea","PG","PHX                  PHX","26","2025","2025","1","$26,547","$26,547","$26,546","$26,546"
"Alijah Martin","SG","TOR                  TOR","23","2025","2025","1","$26,547","$26,547","$26,546","$26,546"
"A.J. Lawson","F","TOR                  TOR","25","2025","2025","1","$26,547","$26,547","$26,547","$26,547"
"Chucky Hepburn","G","TOR                  TOR","22","2025","2025","1","$26,547","$26,547","$26,547","$26,547"
"Vladislav Goldin","C","MIA                  MIA","24","2025","2025","1","$26,547","$26,547","$26,547","$26,547"
"Jahmir Young","PG","MIA                  MIA","25","2025","2025","1","$26,547","$26,547","$26,547","$26,547"
"Myron Gardner","G","MIA                  MIA","24","2025","2025","1","$26,547","$26,547","$26,547","$26,547"
"Stanley Umude","G","SAS                  SAS","26","2025","2025","1","","","",""
"Kyle Mangas","G","SAS                  SAS","26","2025","2025","1","","","",""
"Malevy Leons","PF","GSW                  GSW","26","2025","2026","2","","","$85,300","$85,300"
"RayJ Dennis","PG","LAC                  LAC","24","2025","2025","1","","","",""
"Tyler Smith","SF","HOU                  HOU","21","2025","2026","2","","","$170,600","$170,600"
"L.J. Cryer","PG","GSW                  GSW","24","2025","2026","2","","","$85,300","$85,300"
"Ethan Thompson","SG","IND                  IND","26","2025","2026","2","","","",""
"Drew Timme","F","LAL                  LAL","25","2025","2025","1","","","$85,300","$85,300"
"Jamaree Bouyea","PG","PHX                  PHX","26","2025","2025","1","","","$85,300","$85,300"
"Jahmai Mashack","F","MEM                  MEM","23","2025","2026","2","","","$270,668","$270,668"
"Wendell Moore Jr.","SG","DET                  DET","24","2025","2025","1","","","$85,300","$85,300"
"Chris Livingston","SF","CLE                  CLE","22","2025","2025","1","","","$150,000","$150,000"
"Javonte Cooke","G","POR                  POR","26","2025","2026","2","","","$85,300","$85,300"
"Caleb Houstan","SF","ATL                  ATL","22","2025","2025","1","","","$85,300","$85,300"
"Johnny Juzang","SG","MIN                  MIN","24","2025","2025","1","","","$85,300","$85,300"
"Jahmyl Telfort","SF","LAC                  LAC","24","2025","2025","1","","","$85,300","$85,300"
"Chris Youngblood","SG","OKC                  OKC","23","2025","2025","1","","","$85,300","$85,300"
"Jahmir Young","PG","MIA                  MIA","25","2025","2025","1","","","$85,300","$85,300"
"Colin Castleton","PF","ORL                  ORL","25","2025","2025","1","","","$85,300","$85,300"
"Moussa Cisse","F","DAL                  DAL","23","2025","2025","1","","","$85,300","$85,300"
"A.J. Lawson","F","TOR                  TOR","25","2025","2025","1","","","$85,300","$85,300"
"Trentyn Flowers","F","CHI                  CHI","20","2025","2025","1","","","$85,300","$85,300"
"Alex Antetokounmpo","SF","MIL                  MIL","23","2025","2025","1","","","",""
"Ron Harper Jr.","SG","BOS                  BOS","25","2025","2025","1","","","",""
"Pat Spencer","G","GSW                  GSW","29","2025","2025","1","","","$85,300","$85,300"
"Alex Toohey","F","GSW                  GSW","21","2025","2025","1","","","$85,300","$85,300"
"Nick Smith Jr.","PG","LAL                  LAL","21","2025","2025","1","","","$85,300","$85,300"
"Sharife Cooper","PG","WAS                  WAS","24","2025","2025","1","","","$85,300","$85,300"
"Trey Jemison","PF","NYK                  NYK","25","2025","2025","1","","","$85,300","$85,300"
"Kevin McCullar Jr.","SG","NYK                  NYK","24","2025","2025","1","","","$85,300","$85,300"
"Tosan Evbuomwan","SG","NYK                  NYK","24","2025","2025","1","","","$636,435","$636,435"
"Tristen Newton","PG","MIN                  MIN","24","2025","2025","1","","","$85,300","$85,300"
"Olivier-Maxence Prosper","PF","MEM                  MEM","23","2025","2025","1","","","$85,300","$85,300"
"E.J. Liddell","PF","BKN                  BKN","24","2025","2025","1","","","$85,300","$85,300"
"John Tonje","G","UTA                  UTA","24","2025","2025","1","","","$85,300","$85,300"
"Oscar Tshiebwe","PF","UTA                  UTA","25","2025","2025","1","","","$85,300","$85,300"
"Amari Williams","C","BOS                  BOS","23","2025","2025","1","","","$85,300","$85,300"
"Riley Minix","SF","SAS                  SAS","24","2025","2025","1","","","",""
"Harrison Ingram","SF","SAS                  SAS","22","2025","2025","1","","","$85,300","$85,300"
"Daniss Jenkins","G","DET                  DET","23","2025","2025","1","","","$85,300","$85,300"
"Enrique Freeman","PF","MIN                  MIN","25","2025","2025","1","","","$85,300","$85,300"
"Bryce McGowens","SG","NOP                  NOP","22","2025","2025","1","","","$85,300","$85,300"
"Daeqwon Plowden","G","SAC                  SAC","26","2025","2025","1","","","$75,000","$75,000"
"Max Shulga","G","BOS                  BOS","23","2025","2025","1","","","$85,300","$85,300"
"Jordan Miller","SF","LAC                  LAC","25","2025","2025","1","","","$85,300","$85,300"
"Colby Jones","SG","DET                  DET","23","2025","2025","1","","","$85,300","$85,300"
"Isaiah Crawford","G","HOU                  HOU","23","2025","2025","1","","","$85,300","$85,300"
"J.D. Davison","PG","HOU                  HOU","22","2025","2025","1","","","$85,300","$85,300"
"Jamal Cain","SF","ORL                  ORL","26","2025","2025","1","","","$85,300","$85,300"
"Antonio Reeves","SG","CHA                  CHA","24","2025","2025","1","","","$85,300","$85,300"
"Myron Gardner","G","MIA                  MIA","24","2025","2026","2","","","$85,300","$85,300"
"Chris Manon","G","LAL                  LAL","23","2025","2025","1","","","",""
"Taelon Peter","G","IND                  IND","23","2025","2026","2","","","$85,300","$85,300"
"David Jones-Garcia","SF","SAS                  SAS","23","2025","2025","1","","","$85,300","$85,300"
"Christian Koloko","C","LAL                  LAL","25","2025","2025","1","","","$85,300","$85,300"
"Curtis Jones","G","DEN                  DEN","23","2025","2025","1","","","$85,300","$85,300"
"Orlando Robinson","C","ORL                  ORL","25","2025","2025","1","","","$85,300","$85,300"
"P.J. Hall","PF","MEM                  MEM","23","2025","2025","1","","","$85,300","$85,300"
"Yuki Kawamura","G","CHI                  CHI","24","2025","2025","1","","","$85,300","$85,300"
"Keaton Wallace","G","ATL                  ATL","26","2025","2025","1","","","$85,300","$85,300"
"Drew Peterson","F","CHA                  CHA","25","2025","2025","1","","","$85,300","$85,300"
"Branden Carlson","C","OKC                  OKC","26","2025","2025","1","","","$85,300","$85,300"
"Jacob Toppin","SF","ATL                  ATL","25","2025","2025","1","","","$85,300","$85,300"
"Tristan Vukcevic","C","WAS                  WAS","22","2025","2025","1","","","$85,300","$85,300"
"Kobe Sanders","G","LAC                  LAC","23","2025","2026","2","","","$85,300","$85,300"
"Javon Small","G","MEM                  MEM","22","2025","2026","2","","","$85,300","$85,300"
"Alijah Martin","SG","TOR                  TOR","23","2025","2025","1","","","$85,300","$85,300"
"Dominick Barlow","PF","PHI                  PHI","22","2025","2025","1","","","$85,300","$85,300"
"Rocco Zikarsky","C","MIN                  MIN","18","2025","2026","2","","","$85,300","$85,300"
"Isaiah Stevens","PG","SAC                  SAC","24","2025","2025","1","","","$85,300","$85,300"
"Quenton Jackson","G","IND                  IND","26","2025","2025","1","","","$85,300","$85,300"
"Isaiah Livers","SF","PHX                  PHX","26","2025","2025","1","","","$85,300","$85,300"
"Reggie Luis Jr.","F","UTA                  UTA","22","2025","2026","2","","","$170,600","$170,600"
"Koby Brea","G","PHX                  PHX","22","2025","2025","1","","","$85,300","$85,300"
"Jamir Watkins","G","WAS                  WAS","24","2025","2025","1","","","$85,300","$85,300"
"Kevon Harris","SG","HOU                  HOU","28","2025","2025","1","","","$25,000","$25,000"
"Jabari Walker","SF","PHI                  PHI","22","2025","2025","1","","","$85,300","$85,300"
"Lachlan Olbrich","C","CHI                  CHI","21","2025","2025","1","","","$85,300","$85,300"
"Spencer Jones","SF","DEN                  DEN","24","2025","2025","1","","","$85,300","$85,300"
"Hunter Dickinson","COA","NOP                  NOP","24","2025","2025","1","","","$85,300","$85,300"
"Trey Alexander","SG","NOP                  NOP","22","2025","2025","1","","","$85,300","$85,300"
"Miles Kelly","F","DAL                  DAL","22","2025","2025","1","","","$85,300","$85,300"
"Mark Sears","G","MIL                  MIL","23","2025","2025","1","","","$636,435","$636,435"
"Ryan Nembhard","PG","DAL                  DAL","22","2025","2025","1","","","$85,300","$85,300"
"Eli N'Diaye","C","ATL                  ATL","21","2025","2025","1","","","$85,300","$85,300"
"Brooks Barnhizer","SF","OKC                  OKC","23","2025","2025","1","","","$85,300","$85,300"
"CJ Huntley","F","PHX                  PHX","23","2025","2026","2","","","$85,300","$85,300"
"Tyson Etienne","G","BKN                  BKN","25","2025","2025","1","","","$85,300","$85,300"
"Vladislav Goldin","C","MIA                  MIA","24","2025","2025","1","","","$85,300","$85,300"
"Dylan Cardwell","PF","SAC                  SAC","23","2025","2026","2","","","",""
"Luke Travers","SG","CLE                  CLE","23","2025","2025","1","","","$85,300","$85,300"
"Trentyn Flowers","F","LAC                  LAC","20","2025","2025","1","","","$85,300","$85,300"
"Tamar Bates","G","DEN                  DEN","22","2025","2025","1","","","$85,300","$85,300"
"Chucky Hepburn","G","TOR                  TOR","22","2025","2025","1","","","$85,300","$85,300"
"Hunter Sallis","SG","PHI                  PHI","22","2025","2025","1","","","$85,300","$85,300"
"Caleb Love","G","POR                  POR","23","2025","2025","1","","","$85,300","$85,300"
"Jesse Edwards","C","MIN                  MIN","25","2025","2025","1","","","$85,300","$85,300"
"Emanuel Miller","SF","CHI                  CHI","25","2025","2025","1","","","$85,300","$85,300"
"Yuki Kawamura","G","CHI                  CHI","24","2025","2025","1","","","",""
"Tristen Newton","PG","HOU                  HOU","24","2025","2026","2","","","$365,767","$365,767"
"RayJ Dennis","PG","ATL                  ATL","24","2025","2026","2","","","",""
"TyTy Washington Jr.","PG","LAC                  LAC","24","2025","2025","1","","","",""
"Chaney Johnson","F","BKN                  BKN","23","2025","2025","1","","","",""
"MarJon Beauchamp","SG","PHI                  PHI","25","2025","2025","1","","","",""
"P.J. Hall","PF","CHA                  CHA","23","2025","2026","2","","","$85,300","$85,300"
"Malik Williams","C","ATL                  ATL","27","2025","2026","2","","","$479,155","$479,155"

